[
  {"name": "Afganistán", "code": "AF", "phone": "+93"},
  {"name": "Islas Åland", "code": "AX", "phone": "+358"},
  {"name": "Albania", "code": "AL", "phone": "+355"},
  {"name": "Argelia", "code": "DZ", "phone": "+213"},
  {"name": "Samoa Americana", "code": "AS", "phone": "+1-684"},
  {"name": "Andorra", "code": "AD", "phone": "+376"},
  {"name": "Angola", "code": "AO", "phone": "+244"},
  {"name": "Anguila", "code": "AI", "phone": "+1-264"},
  {"name": "Antártida", "code": "AQ", "phone": "+672"},
  {"name": "Antigua y Barbuda", "code": "AG", "phone": "+1-268"},
  {"name": "Argentina", "code": "AR", "phone": "+54"},
  {"name": "Armenia", "code": "AM", "phone": "+374"},
  {"name": "Aruba", "code": "AW", "phone": "+297"},
  {"name": "Australia", "code": "AU", "phone": "+61"},
  {"name": "Austria", "code": "AT", "phone": "+43"},
  {"name": "Azerbaiyán", "code": "AZ", "phone": "+994"},
  {"name": "Bahamas", "code": "BS", "phone": "+1-242"},
  {"name": "Baréin", "code": "BH", "phone": "+973"},
  {"name": "Bangladés", "code": "BD", "phone": "+880"},
  {"name": "Barbados", "code": "BB", "phone": "+1-246"},
  {"name": "Bielorrusia", "code": "BY", "phone": "+375"},
  {"name": "Bélgica", "code": "BE", "phone": "+32"},
  {"name": "Belice", "code": "BZ", "phone": "+501"},
  {"name": "Benín", "code": "BJ", "phone": "+229"},
  {"name": "Bermudas", "code": "BM", "phone": "+1-441"},
  {"name": "Bután", "code": "BT", "phone": "+975"},
  {"name": "Bolivia", "code": "BO", "phone": "+591"},
  {"name": "Bosnia y Herzegovina", "code": "BA", "phone": "+387"},
  {"name": "Botsuana", "code": "BW", "phone": "+267"},
  {"name": "Isla Bouvet", "code": "BV", "phone": "+47"},
  {"name": "Brasil", "code": "BR", "phone": "+55"},
  {"name": "Territorio Británico del Océano Índico", "code": "IO", "phone": "+246"},
  {"name": "Islas Vírgenes Británicas", "code": "VG", "phone": "+1-284"},
  {"name": "Brunéi", "code": "BN", "phone": "+673"},
  {"name": "Bulgaria", "code": "BG", "phone": "+359"},
  {"name": "Burkina Faso", "code": "BF", "phone": "+226"},
  {"name": "Burundi", "code": "BI", "phone": "+257"},
  {"name": "Cabo Verde", "code": "CV", "phone": "+238"},
  {"name": "Camboya", "code": "KH", "phone": "+855"},
  {"name": "Camerún", "code": "CM", "phone": "+237"},
  {"name": "Canadá", "code": "CA", "phone": "+1"},
  {"name": "Islas Caimán", "code": "KY", "phone": "+1-345"},
  {"name": "República Centroafricana", "code": "CF", "phone": "+236"},
  {"name": "Chad", "code": "TD", "phone": "+235"},
  {"name": "Chile", "code": "CL", "phone": "+56"},
  {"name": "China", "code": "CN", "phone": "+86"},
  {"name": "Isla de Navidad", "code": "CX", "phone": "+61"},
  {"name": "Islas Cocos", "code": "CC", "phone": "+61"},
  {"name": "Colombia", "code": "CO", "phone": "+57"},
  {"name": "Comoras", "code": "KM", "phone": "+269"},
  {"name": "Congo", "code": "CG", "phone": "+242"},
  {"name": "Congo (Rep. Democrática)", "code": "CD", "phone": "+243"},
  {"name": "Islas Cook", "code": "CK", "phone": "+682"},
  {"name": "Costa Rica", "code": "CR", "phone": "+506"},
  {"name": "Croacia", "code": "HR", "phone": "+385"},
  {"name": "Cuba", "code": "CU", "phone": "+53"},
  {"name": "Curazao", "code": "CW", "phone": "+599"},
  {"name": "Chipre", "code": "CY", "phone": "+357"},
  {"name": "Chequia", "code": "CZ", "phone": "+420"},
  {"name": "Dinamarca", "code": "DK", "phone": "+45"},
  {"name": "Yibuti", "code": "DJ", "phone": "+253"},
  {"name": "Dominica", "code": "DM", "phone": "+1-767"},
  {"name": "República Dominicana", "code": "DO", "phone": "+1-809,+1-829,+1-849"},
  {"name": "Ecuador", "code": "EC", "phone": "+593"},
  {"name": "Egipto", "code": "EG", "phone": "+20"},
  {"name": "El Salvador", "code": "SV", "phone": "+503"},
  {"name": "Guinea Ecuatorial", "code": "GQ", "phone": "+240"},
  {"name": "Eritrea", "code": "ER", "phone": "+291"},
  {"name": "Estonia", "code": "EE", "phone": "+372"},
  {"name": "Esuatini", "code": "SZ", "phone": "+268"},
  {"name": "Etiopía", "code": "ET", "phone": "+251"},
  {"name": "Islas Feroe", "code": "FO", "phone": "+298"},
  {"name": "Fiyi", "code": "FJ", "phone": "+679"},
  {"name": "Finlandia", "code": "FI", "phone": "+358"},
  {"name": "Francia", "code": "FR", "phone": "+33"},
  {"name": "Guayana Francesa", "code": "GF", "phone": "+594"},
  {"name": "Polinesia Francesa", "code": "PF", "phone": "+689"},
  {"name": "Gabón", "code": "GA", "phone": "+241"},
  {"name": "Gambia", "code": "GM", "phone": "+220"},
  {"name": "Georgia", "code": "GE", "phone": "+995"},
  {"name": "Alemania", "code": "DE", "phone": "+49"},
  {"name": "Ghana", "code": "GH", "phone": "+233"},
  {"name": "Gibraltar", "code": "GI", "phone": "+350"},
  {"name": "Grecia", "code": "GR", "phone": "+30"},
  {"name": "Groenlandia", "code": "GL", "phone": "+299"},
  {"name": "Granada", "code": "GD", "phone": "+1-473"},
  {"name": "Guadalupe", "code": "GP", "phone": "+590"},
  {"name": "Guam", "code": "GU", "phone": "+1-671"},
  {"name": "Guatemala", "code": "GT", "phone": "+502"},
  {"name": "Guernsey", "code": "GG", "phone": "+44-1481"},
  {"name": "Guinea", "code": "GN", "phone": "+224"},
  {"name": "Guinea-Bisáu", "code": "GW", "phone": "+245"},
  {"name": "Guyana", "code": "GY", "phone": "+592"},
  {"name": "Haití", "code": "HT", "phone": "+509"},
  {"name": "Honduras", "code": "HN", "phone": "+504"},
  {"name": "Hong Kong", "code": "HK", "phone": "+852"},
  {"name": "Hungría", "code": "HU", "phone": "+36"},
  {"name": "Islandia", "code": "IS", "phone": "+354"},
  {"name": "India", "code": "IN", "phone": "+91"},
  {"name": "Indonesia", "code": "ID", "phone": "+62"},
  {"name": "Irán", "code": "IR", "phone": "+98"},
  {"name": "Irak", "code": "IQ", "phone": "+964"},
  {"name": "Irlanda", "code": "IE", "phone": "+353"},
  {"name": "Isla de Man", "code": "IM", "phone": "+44-1624"},
  {"name": "Israel", "code": "IL", "phone": "+972"},
  {"name": "Italia", "code": "IT", "phone": "+39"},
  {"name": "Jamaica", "code": "JM", "phone": "+1-876"},
  {"name": "Japón", "code": "JP", "phone": "+81"},
  {"name": "Jersey", "code": "JE", "phone": "+44-1534"},
  {"name": "Jordania", "code": "JO", "phone": "+962"},
  {"name": "Kazajistán", "code": "KZ", "phone": "+7"},
  {"name": "Kenia", "code": "KE", "phone": "+254"},
  {"name": "Kiribati", "code": "KI", "phone": "+686"},
  {"name": "Corea del Norte", "code": "KP", "phone": "+850"},
  {"name": "Corea del Sur", "code": "KR", "phone": "+82"},
  {"name": "Kuwait", "code": "KW", "phone": "+965"},
  {"name": "Kirguistán", "code": "KG", "phone": "+996"},
  {"name": "Laos", "code": "LA", "phone": "+856"},
  {"name": "Letonia", "code": "LV", "phone": "+371"},
  {"name": "Líbano", "code": "LB", "phone": "+961"},
  {"name": "Lesoto", "code": "LS", "phone": "+266"},
  {"name": "Liberia", "code": "LR", "phone": "+231"},
  {"name": "Libia", "code": "LY", "phone": "+218"},
  {"name": "Liechtenstein", "code": "LI", "phone": "+423"},
  {"name": "Lituania", "code": "LT", "phone": "+370"},
  {"name": "Luxemburgo", "code": "LU", "phone": "+352"},
  {"name": "Macao", "code": "MO", "phone": "+853"},
  {"name": "Madagascar", "code": "MG", "phone": "+261"},
  {"name": "Malaui", "code": "MW", "phone": "+265"},
  {"name": "Malasia", "code": "MY", "phone": "+60"},
  {"name": "Maldivas", "code": "MV", "phone": "+960"},
  {"name": "Malí", "code": "ML", "phone": "+223"},
  {"name": "Malta", "code": "MT", "phone": "+356"},
  {"name": "Islas Marshall", "code": "MH", "phone": "+692"},
  {"name": "Martinica", "code": "MQ", "phone": "+596"},
  {"name": "Mauritania", "code": "MR", "phone": "+222"},
  {"name": "Mauricio", "code": "MU", "phone": "+230"},
  {"name": "Mayotte", "code": "YT", "phone": "+262"},
  {"name": "México", "code": "MX", "phone": "+52"},
  {"name": "Micronesia", "code": "FM", "phone": "+691"},
  {"name": "Moldavia", "code": "MD", "phone": "+373"},
  {"name": "Mónaco", "code": "MC", "phone": "+377"},
  {"name": "Mongolia", "code": "MN", "phone": "+976"},
  {"name": "Montenegro", "code": "ME", "phone": "+382"},
  {"name": "Montserrat", "code": "MS", "phone": "+1-664"},
  {"name": "Marruecos", "code": "MA", "phone": "+212"},
  {"name": "Mozambique", "code": "MZ", "phone": "+258"},
  {"name": "Myanmar", "code": "MM", "phone": "+95"},
  {"name": "Namibia", "code": "NA", "phone": "+264"},
  {"name": "Nauru", "code": "NR", "phone": "+674"},
  {"name": "Nepal", "code": "NP", "phone": "+977"},
  {"name": "Países Bajos", "code": "NL", "phone": "+31"},
  {"name": "Nueva Caledonia", "code": "NC", "phone": "+687"},
  {"name": "Nueva Zelanda", "code": "NZ", "phone": "+64"},
  {"name": "Nicaragua", "code": "NI", "phone": "+505"},
  {"name": "Níger", "code": "NE", "phone": "+227"},
  {"name": "Nigeria", "code": "NG", "phone": "+234"},
  {"name": "Niue", "code": "NU", "phone": "+683"},
  {"name": "Isla Norfolk", "code": "NF", "phone": "+672"},
  {"name": "Islas Marianas del Norte", "code": "MP", "phone": "+1-670"},
  {"name": "Noruega", "code": "NO", "phone": "+47"},
  {"name": "Omán", "code": "OM", "phone": "+968"},
  {"name": "Pakistán", "code": "PK", "phone": "+92"},
  {"name": "Palaos", "code": "PW", "phone": "+680"},
  {"name": "Palestina", "code": "PS", "phone": "+970"},
  {"name": "Panamá", "code": "PA", "phone": "+507"},
  {"name": "Papúa Nueva Guinea", "code": "PG", "phone": "+675"},
  {"name": "Paraguay", "code": "PY", "phone": "+595"},
  {"name": "Perú", "code": "PE", "phone": "+51"},
  {"name": "Filipinas", "code": "PH", "phone": "+63"},
  {"name": "Pitcairn", "code": "PN", "phone": "+64"},
  {"name": "Polonia", "code": "PL", "phone": "+48"},
  {"name": "Portugal", "code": "PT", "phone": "+351"},
  {"name": "Puerto Rico", "code": "PR", "phone": "+1-787,+1-939"},
  {"name": "Catar", "code": "QA", "phone": "+974"},
  {"name": "Reunión", "code": "RE", "phone": "+262"},
  {"name": "Rumania", "code": "RO", "phone": "+40"},
  {"name": "Rusia", "code": "RU", "phone": "+7"},
  {"name": "Ruanda", "code": "RW", "phone": "+250"},
  {"name": "San Bartolomé", "code": "BL", "phone": "+590"},
  {"name": "Santa Elena", "code": "SH", "phone": "+290"},
  {"name": "San Cristóbal y Nieves", "code": "KN", "phone": "+1-869"},
  {"name": "Santa Lucía", "code": "LC", "phone": "+1-758"},
  {"name": "San Martín (Francia)", "code": "MF", "phone": "+590"},
  {"name": "San Pedro y Miquelón", "code": "PM", "phone": "+508"},
  {"name": "San Vicente y las Granadinas", "code": "VC", "phone": "+1-784"},
  {"name": "Samoa", "code": "WS", "phone": "+685"},
  {"name": "San Marino", "code": "SM", "phone": "+378"},
  {"name": "Santo Tomé y Príncipe", "code": "ST", "phone": "+239"},
  {"name": "Arabia Saudita", "code": "SA", "phone": "+966"},
  {"name": "Senegal", "code": "SN", "phone": "+221"},
  {"name": "Serbia", "code": "RS", "phone": "+381"},
  {"name": "Seychelles", "code": "SC", "phone": "+248"},
  {"name": "Sierra Leona", "code": "SL", "phone": "+232"},
  {"name": "Singapur", "code": "SG", "phone": "+65"},
  {"name": "Eslovaquia", "code": "SK", "phone": "+421"},
  {"name": "Eslovenia", "code": "SI", "phone": "+386"},
  {"name": "Islas Salomón", "code": "SB", "phone": "+677"},
  {"name": "Somalia", "code": "SO", "phone": "+252"},
  {"name": "Sudáfrica", "code": "ZA", "phone": "+27"},
  {"name": "Corea del Sur", "code": "KR", "phone": "+82"},
  {"name": "Sudán del Sur", "code": "SS", "phone": "+211"},
  {"name": "España", "code": "ES", "phone": "+34"},
  {"name": "Sri Lanka", "code": "LK", "phone": "+94"},
  {"name": "Sudán", "code": "SD", "phone": "+249"},
  {"name": "Surinam", "code": "SR", "phone": "+597"},
  {"name": "Suecia", "code": "SE", "phone": "+46"},
  {"name": "Suiza", "code": "CH", "phone": "+41"},
  {"name": "Siria", "code": "SY", "phone": "+963"},
  {"name": "Taiwán", "code": "TW", "phone": "+886"},
  {"name": "Tayikistán", "code": "TJ", "phone": "+992"},
  {"name": "Tanzania", "code": "TZ", "phone": "+255"},
  {"name": "Tailandia", "code": "TH", "phone": "+66"},
  {"name": "Timor Oriental", "code": "TL", "phone": "+670"},
  {"name": "Togo", "code": "TG", "phone": "+228"},
  {"name": "Tokelau", "code": "TK", "phone": "+690"},
  {"name": "Tonga", "code": "TO", "phone": "+676"},
  {"name": "Trinidad y Tobago", "code": "TT", "phone": "+1-868"},
  {"name": "Túnez", "code": "TN", "phone": "+216"},
  {"name": "Turquía", "code": "TR", "phone": "+90"},
  {"name": "Turkmenistán", "code": "TM", "phone": "+993"},
  {"name": "Islas Turcas y Caicos", "code": "TC", "phone": "+1-649"},
  {"name": "Tuvalu", "code": "TV", "phone": "+688"},
  {"name": "Uganda", "code": "UG", "phone": "+256"},
  {"name": "Ucrania", "code": "UA", "phone": "+380"},
  {"name": "Emiratos Árabes Unidos", "code": "AE", "phone": "+971"},
  {"name": "Reino Unido", "code": "GB", "phone": "+44"},
  {"name": "Estados Unidos", "code": "US", "phone": "+1"},
  {"name": "Uruguay", "code": "UY", "phone": "+598"},
  {"name": "Uzbekistán", "code": "UZ", "phone": "+998"},
  {"name": "Vanuatu", "code": "VU", "phone": "+678"},
  {"name": "Venezuela", "code": "VE", "phone": "+58"},
  {"name": "Vietnam", "code": "VN", "phone": "+84"},
  {"name": "Islas Vírgenes de EE.UU.", "code": "VI", "phone": "+1-340"},
  {"name": "Wallis y Futuna", "code": "WF", "phone": "+681"},
  {"name": "Yemen", "code": "YE", "phone": "+967"},
  {"name": "Zambia", "code": "ZM", "phone": "+260"},
  {"name": "Zimbabue", "code": "ZW", "phone": "+263"}
]